SM691,Divavu,146,2929,9472,17
TY354,Edgewire,217,6529,3764,758
WE252,Chatterpoint,431,9814,814,481
BX480,Skajo,36,9693,5672,601
GK014,Zooveo,358,2190,3522,231
AT352,Yodel,282,9775,4717,392
GV940,Thoughtblab,248,2966,1957,837
HL750,Dynabox,293,877,1020,394
NV281,Omba,295,5977,6950,358
OL580,Livefish,274,6497,8701,999
QM260,Nlounge,248,6475,5660,503
VZ146,Devbug,74,7240,8333,146
OU965,Rhyloo,342,3868,2536,62
MV339,Bubblebox,253,5857,8402,953
BO308,Vitz,181,3609,8572,810
KM942,Thoughtbeat,436,4705,9615,234
FD984,Zoombeat,60,4839,2133,122
JY330,Brainsphere,12,5345,558,131
QB507,Eazzy,319,3756,5242,194
WT276,Kazu,355,7662,1938,921
NY917,Shufflester,113,3236,9936,818
TK973,Browseblab,309,2467,6367,998
SJ996,Photofeed,180,8869,6815,642
MA180,Voolith,0,7913,5938,416
FT885,Jaxspan,192,4108,4274,278
LX362,Brainlounge,380,9417,6404,757
EC853,Aivee,212,7053,227,396
QW767,Quatz,292,3264,2266,787
ZH992,Agivu,298,493,2334,582
FC432,Voolia,275,557,5855,176
CR939,JumpXS,269,9817,4377,422
ZR156,Buzzster,178,3537,1321,467
UT580,Quamba,230,1274,8060,349
SO675,Dabfeed,185,4786,3541,394
KV646,Kanoodle,300,1852,7547,264
BE271,Voonix,256,2861,9708,936
CU257,Zoomdog,222,3036,8050,675
CD921,Edgetag,286,1296,2996,874
KS115,Topiczoom,57,7907,5715,620
MC758,Innotype,331,1786,6626,758
SL306,Digitube,421,9034,6202,682
LE629,Brightbean,228,1090,9368,434
IX272,Linktype,261,3474,6687,68
UH084,Centizu,487,3184,321,268
LI078,Midel,234,4213,4169,914
VT464,Gabtype,295,2257,3124,369
IM239,Realfire,198,1778,7390,91
UF099,Skalith,444,7567,6368,178
SA656,Realbuzz,53,8237,8432,988
MH949,Kimia,43,6757,9115,659
WU877,Eazzy,458,9327,2862,778
UR591,Kwinu,262,2371,1545,734
VC611,Yacero,108,7027,654,449
VS650,Flipstorm,170,1728,9817,800
UZ779,Jaxworks,99,3860,2996,282
UZ525,Brainverse,314,7013,2712,425
PC059,Pixope,331,1089,3164,14
CW861,JumpXS,310,5877,1719,438
VR682,Photobean,357,9689,9402,549
DC339,Blogtag,292,2754,492,570
ZL529,Quire,324,6975,8927,682
SK404,Tagfeed,258,7598,9308,324
RX497,Riffpedia,184,6048,8944,887
BA692,Tagfeed,39,6771,8940,76
VR492,Oyoyo,479,5732,6018,602
OH191,Quamba,225,3059,3671,132
FD666,Jabberstorm,403,493,4208,140
VI910,Agimba,367,8224,5045,369
YJ683,Flashdog,500,9428,3928,655
FD056,Feedmix,467,4079,7745,592
QF862,Twitternation,19,9902,6625,896
UF460,Quire,335,4034,9703,453
ZX226,Zoonder,100,2578,8892,859
BO283,Tagtune,65,4088,6656,795
LP574,Quinu,442,1704,4449,254
NO297,Tanoodle,301,2033,2660,799
RP513,Ntags,107,6531,6487,755
SR939,Cogilith,366,7795,8738,873
TZ536,Shufflebeat,323,2939,1141,593
ON301,Skiba,136,9060,2373,563
RH163,Gigashots,285,8079,6524,271
MQ739,Oyoyo,171,4115,6490,106
WI818,Topicshots,436,2803,4252,795
ZB238,Youbridge,343,1145,2741,959
UJ031,Feednation,68,5419,5987,701
ZB880,Skajo,275,7478,9533,594
FV986,Zoomlounge,275,9477,5539,860
JQ394,Eidel,39,5521,6967,675
YM979,Quatz,297,3876,6202,989
RV069,Yadel,238,6756,3382,806
BW163,JumpXS,300,1353,3458,702
WX728,Oozz,487,4440,9870,892
SE244,Skiba,433,6720,2940,360
LD015,Twitterbeat,313,1017,4308,94
CG845,Oodoo,285,443,868,111
SB684,Mybuzz,287,1411,3265,307
CK995,Skiba,351,8833,7603,15
UY864,Miboo,196,9269,7414,431
GA372,Kwilith,403,8395,5483,262
RN521,Dabjam,153,9878,8196,896
CI732,Camimbo,335,7226,5677,841
NU660,Wikido,287,7217,6406,912
HZ036,Dabvine,392,1974,4358,658
RT805,Realbuzz,438,4373,3004,440
WC165,Avavee,388,7272,3878,548
FO065,Avavee,161,7546,8370,443
VG001,Avamba,113,1453,8971,411
HE708,Edgetag,39,8134,6754,687
LE801,Roodel,120,1826,3354,909
CW398,Yodoo,80,383,8982,138
ME500,Shufflester,351,5435,1437,311
XY339,Youspan,415,7901,1047,959
HA728,Edgewire,165,6177,5220,212
HI413,Wordify,153,5669,5368,709
SV688,Quatz,159,7530,9444,327
SN191,Yabox,374,6211,382,616
PA174,Gabspot,202,3760,8809,574
TY296,Zoonoodle,391,825,7995,816
QC594,Youspan,309,9098,5027,695
LN170,Dabtype,287,7564,1044,878
NH440,Blogtag,49,9527,179,351
CU503,Rhyloo,74,146,7127,964
FK144,Yakidoo,112,7771,5740,360
YG934,Skivee,200,8956,522,906
KM011,Brainlounge,233,5895,3970,183
IM919,Avavee,382,4872,4626,270
JH086,Riffpath,147,6430,602,535
HY002,Vimbo,255,3982,850,254
DF732,Realcube,260,7809,9255,285
CA590,Skynoodle,305,207,7443,152
UT097,Browsebug,412,3940,5754,409
WT654,Topdrive,423,9398,3878,682
JW337,Feednation,473,5665,3633,176
SH841,Topicshots,198,3271,2702,155
LY390,Ooba,390,8163,9145,760
DX193,Oyoloo,67,8180,7774,649
BC728,Flashpoint,101,969,3517,339
ZO314,Skidoo,22,4823,7939,106
KX543,Wikizz,299,8689,8339,801
OJ326,Eimbee,87,7694,4404,675
ZF565,Gigazoom,462,8216,3546,13
VI563,Twinte,182,941,203,697
AQ325,Buzzdog,261,7152,4498,371
CK513,Jaxworks,179,5133,2154,992
MP983,Realcube,13,1502,2325,670
QK706,Wikizz,88,9510,3743,628
SO641,Thoughtbeat,177,3031,1645,808
CJ051,Oloo,63,3800,7083,118
IF630,Ozu,41,6187,2347,979
BD431,Oozz,230,6418,6192,119
QV940,Mydeo,477,7888,9050,829
XV011,Minyx,297,3252,6981,601
HL221,Dynava,106,340,8779,701
YW762,Lazzy,443,3632,701,644
AT352,Oodoo,276,3532,2783,93
AF356,Yata,293,8307,6144,252
AO866,Dabvine,293,5920,7767,789
KU276,Voonder,338,4088,6884,631
FB295,Bluejam,70,5339,4512,463
EA167,Tagfeed,192,8304,2315,577
ZP640,Teklist,367,4449,4796,656
BM846,Leexo,389,9951,4836,558
MR552,Yodo,320,4491,8233,671
QR510,Browsetype,321,7499,6276,444
FD782,Youspan,334,1041,8116,954
LB560,Gabcube,60,8353,7454,850
VP970,Voonix,364,3739,8211,880
ZR233,Realpoint,496,8963,5240,522
FX116,Voolith,433,7594,921,330
MR610,Thoughtstorm,317,4485,3538,323
AJ386,Janyx,81,5390,6372,561
JH276,Mydo,490,9340,358,822
FC763,Camimbo,227,2302,5049,959
PI866,Flipstorm,452,6119,1960,396
AZ906,Kwideo,249,7748,8009,141
RU246,Reallinks,471,5967,3705,402
PQ971,Digitube,416,6370,331,515
SW598,Skilith,53,2780,9537,111
TO568,Topicstorm,425,7461,9739,198
KO288,Oyoyo,328,5284,8521,701
ZU507,Blogpad,452,2641,6055,537
JE808,Edgetag,378,9864,5057,204
EW615,Devpoint,348,1499,4510,500
RK907,Youbridge,338,1136,2259,824
ZS086,Lazz,500,6528,5355,1000
CW107,Voonix,12,697,4191,773
GN938,Skiptube,468,9260,9191,82
FT177,Brainbox,110,142,3121,792
ZE561,Jaxnation,17,468,9751,149
VD070,Rhynyx,141,9000,2328,539
ZM040,Tagpad,210,1555,8118,982
UY447,Feedfire,331,8996,2912,386
JF293,Demivee,159,2329,7860,51
ZQ601,Youtags,116,1165,5075,639
LT618,Meevee,356,1546,1691,849
CK012,Riffpath,415,9481,5227,358
QR888,Oyoyo,175,4930,4025,111
TV827,Twinte,196,5598,7606,428
GE044,Jabberbean,429,9248,4646,33
OX375,Thoughtblab,147,1540,4686,779
PD436,Photobug,3,3648,7418,274
OQ276,Cogilith,192,9408,8011,414
TL310,Browsebug,384,575,7832,894
GY722,Zoombox,466,9971,3437,43
IA013,Twitternation,406,3645,559,541
SJ460,Yamia,433,3973,6838,645
GY351,Aimbu,433,4799,5016,719
HL609,Buzzdog,488,6203,6307,408
RN125,Avavee,340,5086,8750,687
XQ508,Gabvine,221,5644,9944,847
BF891,Buzzbean,284,2976,9121,955
BQ137,Zoonoodle,59,7777,9754,582
GZ470,Feedspan,294,2156,7384,629
XO425,Tagcat,304,5001,5835,506
NZ832,Quatz,172,8093,1369,593
UR703,Yoveo,381,7865,9869,230
KC625,Agimba,196,5273,9133,78
FS459,Gigazoom,15,6943,7787,173
EA555,Thoughtsphere,490,7678,309,817
HP892,Skilith,281,3273,9787,638
UN277,Quire,387,8290,8881,836
IA069,Demimbu,430,6912,6307,729
LB846,Cogidoo,141,1575,1076,123
JU588,Babbleblab,76,9818,6855,946
NZ464,Kaymbo,378,4031,8000,733
BO752,Eare,485,5891,1173,819
XE685,Skyble,293,7129,6414,487
MJ322,Devbug,39,1227,8824,590
LG933,Npath,388,8733,4085,276
YB210,Brainsphere,100,2783,4158,426
CJ574,Mynte,153,5193,9604,570
DO379,Feedfire,346,4094,6842,668
SK435,Topicshots,210,2035,4456,316
RU860,Vidoo,204,5730,1600,924
FX650,Twitternation,121,9880,6652,810
KY698,Kanoodle,499,1166,2044,723
CW904,Twitternation,66,590,2206,105
VR668,Cogilith,428,157,7982,472
MH673,Brainsphere,53,477,5694,115
PA280,Omba,333,3804,2211,602
OF341,Katz,329,2914,5124,105
UD559,Layo,33,2225,7192,467
AV727,Kwinu,479,7462,6600,147
AC864,Edgewire,443,2193,1659,21
QH821,Yambee,327,4987,6930,738
AO961,Ailane,445,3692,1027,603
JF889,LiveZ,287,2027,552,116
SK050,Riffwire,153,4046,1422,963
CT329,Devbug,102,9406,6409,377
VX483,Aibox,10,2919,509,543
IB272,Gabtype,244,3513,8295,503
YC473,Feedfish,8,6001,6725,632
XB296,Muxo,356,4433,9614,551
YU077,Eazzy,369,7656,1974,477
KQ238,Youspan,344,9482,5798,463
QR102,Voolith,325,2217,9826,348
GU848,Minyx,354,1684,6635,686
RZ465,Youspan,428,1877,1901,109
FE127,Plajo,237,1507,811,477
WZ251,Fiveclub,352,7238,9418,770
TA415,Gabspot,392,419,2502,908
ZK432,Zazio,300,7487,5886,768
WK962,Quimm,407,1648,942,691
QI677,Linklinks,364,865,548,840
ZW501,Fivechat,396,3023,2034,551
GW514,Yodoo,493,8011,2040,737
UF789,Skidoo,222,7278,397,494
YT891,Flashspan,192,2786,2868,20
MG179,Fivebridge,102,4265,6655,442
BV850,Edgeify,490,8881,6751,481
UZ664,Rhycero,422,2034,6620,985
WZ074,Tavu,435,8043,9318,474
RY774,Skajo,246,2564,2255,853
BY462,Tagfeed,158,9385,3023,483
ZP433,Photobug,46,2801,1485,244
CR854,Tagopia,109,7787,6636,33
GB642,Linkbuzz,497,863,7795,211
KP353,Skivee,136,7095,6764,280
HK379,Thoughtmix,361,1303,5898,34
SP128,Yakijo,485,788,6334,596
HC954,Quire,263,8005,9426,353
ZI131,Flashspan,81,932,6334,70
QT759,Bubbletube,85,5962,2032,778
SO699,Skipfire,124,9907,6929,646
LN000,Riffwire,270,3548,4047,494
JO965,Skajo,195,1735,3060,51
KB737,Plambee,88,3723,943,572
TO256,Jaxbean,72,3833,1339,357
MD291,Innojam,22,9313,2034,489
UY627,Demimbu,428,1903,549,518
YL169,Blognation,219,8591,6858,110
XU769,Zoomzone,445,3758,5298,416
VA668,Skipstorm,245,1809,4112,703
YN796,Kwideo,233,3186,1803,638
CO948,Livefish,50,5484,4694,954
EF847,Lazz,352,9348,8437,957
LK623,Youbridge,23,2471,6405,784
JD158,Oba,3,120,9637,485
HD173,Digitube,279,8195,7731,12
QO506,Zazio,175,5869,8198,890
TS447,InnoZ,48,1654,1000,550
TJ578,Zoomlounge,395,7132,5074,788
AI521,Pixonyx,293,3069,9567,25
AC841,Mynte,128,9869,4874,490
IF406,Eare,405,3797,6845,832
FO042,Browseblab,107,8970,9751,244
XB179,Dynabox,293,5997,8729,115
CW459,Mynte,193,7052,9810,426
SN206,Meedoo,66,9527,289,269
NQ424,BlogXS,289,1281,6208,592
UC194,Mybuzz,321,4784,4211,199
TI955,Brightbean,190,1004,7539,83
DE459,Babbleopia,189,9313,3806,680
TO945,Livepath,130,6708,1871,316
CG660,Kwinu,379,6885,6724,368
ZL424,Twitterworks,238,4571,4466,315
JD805,Eamia,380,8611,5767,610
RK416,Skinte,208,7552,5058,423
RD852,Rhybox,193,5545,7255,949
AF246,Twitterbeat,244,747,7844,346
QW388,Babblestorm,64,8788,251,89
GR412,Gabvine,275,3930,5481,532
TQ019,Zoonoodle,425,5886,9178,701
YE706,Oloo,243,119,4016,915
QP240,Livepath,35,7858,1113,133
DZ781,Zoombox,157,5131,6227,564
WI446,Yakidoo,62,8877,124,736
TC038,Skyvu,381,4575,1172,477
XA300,Flipbug,453,4237,7195,886
HP257,Fadeo,313,4513,2567,235
FS803,Roombo,394,7089,317,589
LQ326,Gabspot,181,8744,5868,434
WY264,Meedoo,274,9450,987,150
KP145,Kimia,224,1445,7646,567
ZB407,Brainlounge,350,5177,2709,58
CG203,Buzzshare,308,9594,4967,133
YD072,InnoZ,12,9888,6245,579
RV226,Rhycero,209,2781,1733,731
DN215,Youspan,375,6761,5062,20
JG676,Devbug,30,1404,7205,390
SE118,Tazzy,417,6764,1172,978
EH632,Thoughtmix,427,3952,4555,257
LO078,Divavu,28,6245,2803,162
WK938,Trunyx,38,1077,5178,323
XN648,Abatz,402,7832,6783,392
JE041,Twitterbridge,327,6204,474,606
RC113,Yoveo,376,7921,8220,681
AN211,Kwilith,110,4988,236,109
OH393,Vinte,48,2966,4997,466
VW332,Miboo,429,7703,1499,42
KW735,Brainbox,344,5006,6637,438
KZ511,Fliptune,158,2498,4351,556
TM895,LiveZ,53,3220,7401,642
KQ279,Yozio,383,6802,7067,310
EV527,Kwilith,457,943,7779,930
YC451,Edgetag,168,3645,7406,554
EO267,Tagopia,162,9355,5211,891
EG679,Brightdog,438,3888,6695,908
VG766,Zoozzy,361,7086,9391,65
KM970,Tagchat,256,813,4593,361
AC552,Tagpad,219,6533,4544,763
NC937,Yata,416,2530,9612,973
DU054,Youopia,260,7429,6787,377
GC561,Mydo,486,2841,2481,692
RV374,Dabfeed,52,5538,1271,512
BV588,Bubbletube,60,3590,4868,75
TK551,Eidel,423,7487,8510,766
UT575,Yozio,315,5495,7026,639
PH784,Yotz,6,2788,5126,864
AR456,InnoZ,238,872,920,518
VY997,Mita,404,7441,6997,720
HW790,Jatri,98,2805,1706,855
KH210,Yombu,255,4978,837,408
QN339,Oyoyo,9,8119,1412,512
PB575,Babblestorm,276,4607,897,969
KR770,Jetwire,261,6325,3543,232
IU679,Izio,338,1728,4890,790
PU734,Youfeed,351,7239,2769,141
LU460,Dazzlesphere,454,232,2748,904
KE149,Eamia,443,2734,9789,732
HU183,Dabshots,442,1275,2262,456
XY443,Yodoo,46,3408,8089,75
JD195,Miboo,244,2613,8934,490
GS959,Meetz,476,2020,2513,973
PU017,Oozz,139,7105,5074,568
UH269,Agivu,221,4427,9997,225
ML213,Yozio,320,8573,9706,554
TH051,Edgeify,97,7708,5422,538
IN150,Gabtype,114,9930,6276,724
CM328,Fatz,45,2693,9353,180
ON755,Realblab,305,3777,2483,158
DI851,Realbridge,119,2394,9356,674
LK353,Wordify,330,6248,8586,357
AY277,Oyope,69,4490,2486,248
XZ874,Myworks,177,9873,8088,79
JW460,Browsedrive,80,3054,1098,75
NH030,Yodel,415,872,3294,58
VB636,Oyonder,178,9146,8297,104
JR116,Jabberstorm,464,224,6965,336
BF521,Tagcat,308,3113,8552,712
ZW088,Photolist,151,6415,2297,317
OL482,Wikizz,262,9602,8986,228
YC590,Skilith,72,4624,430,217
RZ877,Plajo,369,2048,1017,355
EQ055,Demizz,409,8245,8052,83
TX083,Chatterpoint,247,7978,8158,13
FX568,Thoughtworks,222,2850,4516,351
PF311,Miboo,135,5713,8364,927
ZH913,Wordtune,205,1636,1479,124
RZ427,Trunyx,189,5011,3098,415
MP777,Kwinu,176,8342,2230,974
ON624,Tazz,197,8599,9946,650
VY883,Devpulse,145,5151,1048,231
VO119,Tazz,321,732,9504,220
HE788,Muxo,32,6716,7340,883
KH877,Devbug,119,657,2179,494
CW694,Wikivu,5,1793,4486,326
JK693,Flashspan,485,6393,7334,171
ZI404,Buzzdog,18,7540,4635,317
UB121,Zooveo,289,5111,8140,265
SQ797,Oozz,76,6845,5867,529
KQ021,Ailane,382,4172,6327,696
GI630,Jaxworks,6,742,8728,62
PR195,Oloo,368,9697,2340,805
JP518,Feednation,488,9371,9875,315
HY894,LiveZ,324,7741,9798,336
YF726,Plajo,99,1477,8745,795
AX907,Plajo,420,3029,2875,916
PJ270,Fatz,183,8230,4685,933
SG461,Edgepulse,485,8405,1386,680
UQ910,Demizz,38,8196,6715,443
JS941,Livetube,217,2114,2274,129
VH144,Centizu,368,7113,9817,880
FC222,Avavee,64,7298,3385,264
QF287,JumpXS,500,5930,821,145
GN377,Quire,228,7798,6749,185
DM513,Yodo,389,6926,4953,808
SO056,Photofeed,215,262,8443,389
DR396,Innojam,189,2827,5854,410
AF095,Thoughtblab,361,8189,9435,409
AQ257,Photobug,499,1455,2329,178
EQ403,Oodoo,370,6085,7731,456
RJ475,Vimbo,290,808,1915,848
SM041,Twinte,222,3078,1197,254
XG724,Cogidoo,119,2999,4172,654
LA897,Tazzy,134,5013,7148,553
MR733,Flashpoint,111,5680,2523,120
DU303,Skyndu,36,320,3406,14
CG676,Tazz,369,5657,5342,854
EF083,Jabbersphere,18,7484,763,893
XK455,Mydo,137,942,7147,739
BN080,Dablist,142,9834,5540,227
YS718,Jamia,26,8979,7196,840
PL760,Babbleset,426,7143,7166,650
YV428,Snaptags,29,6790,5563,533
UY514,Dazzlesphere,250,8745,9388,970
FJ696,Meevee,410,2685,4662,83
HT257,Oyoba,75,1760,9054,458
QL108,Viva,335,8999,9308,685
BG059,Browsedrive,375,2967,8983,266
NL450,Kayveo,376,8878,4160,339
OT796,Ntags,419,3858,6658,886
VL623,Lazzy,17,2995,9366,760
NC189,Thoughtbridge,22,9694,1953,793
NW292,Blogtags,287,6483,8417,215
JY416,Quinu,4,586,2036,515
PQ393,Myworks,16,6534,479,991
YS898,Camimbo,180,525,8465,201
NV831,Oloo,389,4306,4146,842
MP522,Meemm,63,7057,529,993
AH972,Blognation,89,5258,8447,198
WF611,Eazzy,499,5162,4698,187
PL142,Buzzster,416,2619,6593,450
QR886,Dynabox,336,9474,7464,428
HZ205,Divanoodle,68,1871,7366,781
FR637,Devcast,29,6499,1689,329
XH159,Jatri,13,6667,6696,429
FU300,Dabfeed,64,6828,8789,855
MG911,Geba,321,8801,7033,819
TF335,Yadel,191,7071,9483,567
TL173,Jetwire,477,6001,9193,589
TM881,Buzzshare,110,8790,3326,573
JV697,Jaxbean,217,2418,3556,802
KO260,Oyoyo,10,3475,7788,405
XS690,Meembee,24,815,4827,823
DZ446,Gigabox,252,7206,6294,487
IZ154,Katz,401,3159,9865,878
ST632,Photojam,64,7146,9718,348
FH876,Meedoo,304,3195,930,859
XY198,Youspan,22,4476,9221,955
RL295,Oloo,377,770,7970,383
BO255,Viva,466,1443,7201,576
WK785,Buzzshare,16,2974,151,808
WV319,Babbleblab,211,4043,3020,820
DP829,BlogXS,41,5535,2404,161
XF861,Oozz,264,6045,5357,94
PO907,Snaptags,303,5699,6856,144
QK650,Youtags,29,5441,6377,741
RP390,Vinder,391,5240,6363,520
NQ497,Dynava,349,276,654,181
PM723,Youspan,168,8107,9732,750
TB375,Flashset,90,5959,8294,501
QS270,Tagcat,44,2738,9000,681
QK994,Realbuzz,451,6992,6493,809
FI308,Meevee,84,618,5505,707
VA623,Janyx,125,5537,8125,88
CI118,Vinte,448,4942,6016,918
HG073,Myworks,317,4756,7475,974
TW655,Dablist,182,7430,1900,98
FD573,Dynabox,129,9753,8174,23
LH485,Izio,304,9436,2301,431
TS109,Chatterbridge,394,8477,2262,331
SN194,Blogtags,401,2957,742,552
IG202,Wordtune,98,1741,156,575
TK853,Meedoo,53,9666,6705,71
RF348,Eamia,463,6683,8946,224
FJ113,Cogilith,131,9860,8886,550
VA107,InnoZ,6,3467,881,806
FY431,Chatterpoint,485,4261,6917,139
IQ357,Jayo,33,6791,4273,969
AD681,Linkbuzz,51,1409,7279,949
PK929,Flipstorm,443,9498,9330,486
PJ148,Omba,388,5809,9732,19
EX737,Linktype,359,4164,5715,793
VU740,Innotype,265,6765,4141,661
CK130,Rhycero,368,9463,3874,930
AS775,Edgeify,127,3055,5300,251
YZ830,Skyvu,100,139,7498,581
CM035,Kayveo,424,1043,2637,685
XI300,Bluezoom,140,6578,852,979
VS523,Tavu,373,3718,7047,520
DC960,Twinte,20,2533,6861,608
IY643,Jaxbean,375,8540,6020,148
BJ219,Kazio,247,2869,6303,679
GP187,Tagpad,470,1438,8160,393
DA586,Topdrive,94,1198,7684,798
GN926,Digitube,271,6602,5130,972
PW873,Flashdog,164,1726,8321,354
UY749,Vinder,414,118,6837,120
HK101,Yacero,25,5546,5559,971
BE953,Lajo,151,9156,9730,864
SF276,Rhyloo,160,7952,2423,553
SU071,Rooxo,86,7937,2080,580
XY527,Podcat,284,717,8503,484
QG120,Kimia,228,7450,9043,695
TL138,Youspan,26,3418,5741,573
JT154,Flashpoint,371,1632,2935,814
FT211,Skynoodle,106,7261,4151,480
BI619,Photospace,283,8032,1664,356
ZC877,Meevee,389,2041,3882,519
DQ294,Yadel,120,9361,8009,987
NQ525,Gevee,406,3048,4675,818
BX166,Dynazzy,105,3172,5595,884
OA291,Oyonder,105,632,6359,714
DT817,Trilia,352,3416,8285,184
JQ396,Oyoloo,256,2807,6804,562
DA435,Flipbug,344,7015,1993,73
SV089,Rooxo,105,3760,1386,225
FI119,Dynabox,131,5283,3257,114
QN832,Ntag,446,6456,1808,655
PR909,Browsedrive,487,3117,802,472
IS902,Trupe,302,9996,3531,107
IL242,Yakidoo,156,8798,5422,254
RP803,Photobug,232,4186,3950,120
XZ874,Quamba,73,5837,4748,937
CM934,Voonte,125,4770,7871,614
EI322,Agivu,253,4352,9529,733
IH853,Oyoyo,6,7146,1393,146
YT829,Devshare,415,6147,5088,457
OP642,Yacero,94,7518,2375,406
TY400,Skyble,165,534,5042,462
GF052,Divavu,314,2137,3356,38
HD854,Roodel,230,8091,1336,203
BJ843,Layo,489,6240,3347,39
AR390,Linkbridge,52,3710,8324,846
CH229,Vitz,112,2219,4574,163
TC366,Chatterpoint,28,6658,5003,251
EC922,Dynabox,456,7670,875,278
RE965,Brightbean,170,455,2807,16
DR250,Lajo,451,4346,8885,137
CX845,Wordtune,298,7211,4300,78
NM966,Centidel,157,4036,9621,309
LK667,Yakijo,61,2680,6600,962
JZ170,Realpoint,459,319,673,46
FV451,Yakitri,378,3378,5824,746
GM388,Twitterworks,253,866,5284,257
NE093,Fivespan,444,8450,1563,664
RZ446,Divavu,366,2845,4596,382
IN827,Yakitri,30,6679,2865,106
GE380,Yacero,195,6960,9708,49
GA518,Topicstorm,212,4806,3028,605
HX132,Photobug,245,1278,7019,839
DM237,Brainverse,55,4415,2030,823
KM118,Oyoba,454,6638,7073,771
MK623,Wikido,325,8420,3093,713
SM763,Kanoodle,123,6097,1375,420
EY662,Jetpulse,308,4256,7496,276
JD235,Topdrive,246,9684,6647,857
XI385,Yakitri,440,380,8916,554
AY848,Blognation,78,7104,7057,453
HJ074,Shuffledrive,338,4276,5400,532
OG310,Dynabox,365,4436,8955,916
AN958,Yadel,491,5394,4383,758
HG058,Edgeify,149,8575,1542,780
OY577,Pixoboo,307,6722,1150,297
JU184,Thoughtsphere,451,4972,953,298
VA200,Digitube,15,6227,8560,109
ND221,Quamba,307,5114,2501,717
DM175,Blogtags,4,673,2195,671
AJ759,Skiba,190,2894,6734,860
JT429,Dablist,364,9314,8602,831
UN827,Blogspan,118,2856,4942,283
OA879,Aimbu,28,2812,7700,206
HU857,Jabbertype,451,2570,9626,771
FG437,Meetz,183,4008,8089,10
CB123,Tagpad,119,1044,6428,608
OD527,Topicshots,145,7230,8049,810
AO817,Linkbridge,319,8300,1347,618
HO319,Jetwire,42,4644,3005,690
NP352,JumpXS,304,2730,5866,748
RW969,Jazzy,426,4126,8211,486
MF873,Zoombeat,497,7202,7908,669
WA608,Devpoint,32,5280,1187,625
AY313,Babbleblab,426,2294,8202,863
PY619,Linklinks,415,5798,2787,430
ZG117,Meezzy,68,8114,2029,872
IB148,Skipstorm,52,2904,6037,912
IK857,Rhybox,46,9757,3249,599
YB992,Tambee,125,8778,490,417
SN005,Gigabox,44,9829,4021,747
FE107,Skimia,64,896,7013,601
AI273,Jamia,365,2313,4475,62
SC903,Thoughtmix,463,721,8161,119
QF555,Tagtune,483,8015,5706,82
QL522,Flashspan,206,4489,3940,407
TK305,Eabox,378,9115,4404,512
YV141,Wordpedia,307,3189,9686,338
KP021,Rhyloo,112,4448,1261,304
KY181,Tazz,392,1135,4439,227
PI611,Avaveo,226,6852,2964,816
YC208,Feedbug,447,4010,9928,209
PY234,Shuffledrive,280,4817,2595,315
NE334,Buzzdog,188,2071,1769,157
LT903,Quire,210,9307,121,663
BQ436,Twitterlist,464,102,1160,519
OL795,Twimm,369,369,3217,684
IV811,Eazzy,102,9746,3853,654
QM612,Riffpedia,311,6648,1138,500
SU345,Trunyx,138,4533,6094,480
AJ562,Flipopia,233,8149,5432,366
FS382,Wikivu,459,3210,5854,17
VQ912,Babbleset,14,1689,9143,762
LZ734,Bubblebox,15,9039,6739,776
XO522,Oyoba,228,6198,6320,952
RK785,Aivee,146,528,4000,837
AZ723,Dynabox,153,2477,9218,254
WE607,Voomm,346,3208,9265,711
TV413,Jaxworks,402,2180,1380,258
KH542,Meembee,412,4789,1505,390
LB493,Zoonder,50,752,1889,799
IJ901,Jaloo,250,154,8307,245
EH679,Quatz,235,2360,7314,512
MP493,Kazu,395,7717,6439,496
OG991,Avamba,465,5140,9778,783
FL571,Twinte,411,7105,8935,742
AE455,Fivespan,363,7841,923,657
MB890,Demimbu,285,4125,5738,105
LM969,Trudeo,72,3832,4804,227
LX330,Leenti,440,5053,1614,19
SF396,Gigashots,48,1897,9798,284
ZR311,Skipstorm,140,6258,6813,407
PG785,Devshare,495,323,5537,692
OV155,Kazu,191,4651,5396,526
BD122,Snaptags,406,6783,2301,447
CQ831,Jetpulse,23,7813,263,86
DE703,Divavu,410,9191,4117,747
OG836,Dynazzy,148,1754,8256,509
NS656,Minyx,97,2991,8796,805
ZC504,Skynoodle,108,8188,4560,106
ZW203,Flashset,292,7068,8845,419
GO693,Twitternation,258,5372,7224,13
SC322,Youspan,449,5964,162,36
DF310,Jaxspan,187,5950,6999,885
KA444,Gigaclub,408,5127,2163,754
QZ774,Bubbletube,177,9708,6543,224
HV721,Skimia,60,8190,5549,580
CJ173,Skyba,222,5240,3613,516
GK718,Realbridge,419,8331,1838,816
EC563,Kare,41,1887,1174,212
UX440,Eadel,182,8372,6834,852
LE320,Jabbersphere,434,7725,2187,831
KR413,Kazio,11,8651,3827,325
TL761,Aimbu,67,6430,6437,619
DW444,Ozu,29,8690,1879,92
EL916,Eamia,479,1300,5374,113
KY317,Bluejam,212,5370,1749,351
CO833,Muxo,299,1431,6893,966
IY054,Meevee,131,7221,3142,21
UJ105,Thoughtbeat,188,2865,8307,96
MB465,Thoughtworks,369,3537,3985,955
HZ662,Mycat,68,6664,2388,378
KA564,Pixonyx,225,4799,544,92
OQ482,Aivee,151,4220,1489,798
NW135,Wordify,207,5303,475,112
GJ975,Linkbridge,39,8843,2563,249
BX915,Fatz,97,3313,2402,721
QV548,Linkbuzz,201,6082,1965,535
CE939,Izio,253,9186,6801,266
SB923,Eayo,402,9731,9029,893
ZI458,Shufflester,338,207,9111,964
LO123,Realcube,442,8738,6207,967
YW297,Kamba,137,5861,922,717
PT952,Youtags,261,135,9418,116
ZG165,Jetwire,409,8785,9400,793
ID046,Photobean,250,650,7158,396
XI159,Feednation,26,9324,8925,423
IH141,Dazzlesphere,16,9208,7484,208
NM116,Kwimbee,129,2508,383,690
HC087,Avaveo,230,6966,2832,436
ID105,Skilith,478,2522,7796,894
LF032,Gabcube,302,5752,219,745
KY064,Wordtune,195,9518,191,286
QD446,Devbug,226,7262,3157,779
RW474,Oba,194,9448,9053,584
LM241,Feedbug,301,587,652,185
TF211,Leenti,478,7935,418,699
IQ468,Jayo,167,5354,8542,391
EX428,Babbleopia,463,4639,3747,367
KL946,Yombu,310,7486,2263,456
PX189,Browsecat,431,9393,9574,687
NT850,Shufflester,183,8540,3324,12
PE721,Zava,106,5430,241,976
WY701,Meemm,458,5021,8679,706
GH784,Skimia,462,1527,9773,387
QN736,Reallinks,274,627,8502,960
DT758,Gabvine,328,9181,8796,693
OI813,Bluejam,192,5956,8972,718
MV558,Zoomlounge,409,8423,3959,839
LV094,Quire,165,6316,9409,355
JI368,Devcast,255,3217,5852,358
KH817,Edgeclub,353,4480,3449,953
YL248,Realmix,214,7876,3734,132
VP957,Yozio,299,237,3391,245
PJ577,Linktype,16,7653,901,246
RK551,Cogibox,42,9721,1691,951
AB360,Skivee,236,5623,3531,22
MH337,Yambee,123,4575,5850,814
FJ605,Pixonyx,278,7383,8160,214
UK258,Snaptags,336,4477,4335,386
XC115,Janyx,320,6921,8129,757
PI798,Riffwire,338,246,1514,95
EG051,Youfeed,499,5009,1778,864
TW325,Jetpulse,378,5899,8664,943
MW889,Thoughtworks,18,7557,2211,767
JY324,Livepath,54,9093,5299,308
NK651,Vitz,472,3658,9929,943
YD741,Jaxworks,292,9612,4818,242
AE308,Rhyzio,94,4199,8248,56
EC715,Bluejam,141,1530,8576,692
IU645,Trudeo,264,9499,2249,808
XU028,Kanoodle,284,5900,8630,768
WL851,Talane,134,5782,8576,930
UV862,Dazzlesphere,373,2772,6803,834
RX440,Gabspot,328,4387,745,229
CI308,Fliptune,359,1335,4297,260
CW014,Vinte,446,7296,4489,910
YQ509,Leexo,266,4455,3043,436
TL455,Tagtune,457,7696,6859,598
GJ626,Skajo,212,7340,5729,661
HE189,Blogspan,152,2411,8362,18
OX201,Zoomlounge,334,636,8146,950
NK085,Zoozzy,179,9514,1401,151
NO112,Realcube,421,7298,8129,150
KX386,Brainsphere,390,1168,6242,342
UA987,Blogtags,6,3838,2650,611
TE458,Quamba,372,5950,6066,528
MZ159,Devpoint,405,4703,1798,853
US100,Zoomzone,134,1836,8642,778
TJ762,Feedfish,153,1785,8386,471
RP130,Youbridge,347,7367,1628,647
IU718,Flipopia,43,4248,703,495
OC672,Digitube,367,3368,9697,46
VJ603,Devify,365,4031,9330,629
XN598,Mycat,198,975,9436,28
AX767,Oyondu,28,1673,7591,709
LK940,Yabox,368,3115,8965,999
BR282,Wikizz,498,1666,7980,151
IO923,Photospace,220,9807,9581,668
WR263,Eabox,330,5398,1203,343
DJ372,Dynabox,329,8982,7337,359
DZ866,Geba,165,7361,7396,420
NK144,Pixope,30,4684,8064,352
ZU537,Topiczoom,469,2401,5624,836
DA502,Dynabox,447,3833,5187,82
YI797,Gabvine,366,8008,6076,927
TF173,Voomm,395,1862,4705,995
KG557,Riffpath,340,7456,9742,573
AF935,Aimbo,106,3432,2524,718
IQ590,Mydeo,141,5058,3116,132
GA181,Gabcube,357,5997,9094,692
JD252,Gigabox,439,2320,5782,860
IR971,Skippad,136,3558,4212,675
QV451,Mymm,285,9505,1885,257
LV789,Mynte,329,679,1038,852
ML917,Gabvine,174,8953,7694,107
CW843,Photofeed,27,6910,1467,616
OA713,Bluezoom,201,8387,7354,120
QF992,Kwideo,230,8103,8856,606
QR736,Voonyx,298,3700,3705,254
EU329,Gabtune,458,2395,737,444
XN656,Snaptags,255,7698,3534,29
XO139,Thoughtbeat,250,7081,4740,147
VZ549,Thoughtbridge,372,3581,694,917
PB723,Edgepulse,295,1703,9158,746
WP000,Talane,7,6873,4048,100
FS654,Zoombeat,484,3950,6892,201
JA515,Dabvine,73,9591,172,267
ND104,Vidoo,98,700,8160,879
SQ382,Yakidoo,119,9714,996,960
GK370,Meevee,329,2170,3781,67
JA426,Livefish,337,1227,7278,560
VN676,Tagchat,447,8979,2531,50
TD534,Geba,27,3613,9975,648
QB809,Fivebridge,73,1141,1318,467
CV649,Youspan,480,5145,2305,461
GV706,Youspan,298,2519,7741,622
OK098,Talane,334,2383,626,959
SY778,Blognation,459,9537,8784,749
TJ427,Brainlounge,193,8061,1335,945
KR895,Geba,496,9230,4061,248
HP761,Yoveo,93,5369,9968,382
AY441,Reallinks,35,8638,8836,224
YH479,Pixope,219,3965,4928,168
KW400,Yoveo,111,3871,3693,792
YW839,Tambee,177,8313,4863,837
OD256,Eamia,214,7612,2843,748
JB454,Mycat,229,6200,3104,944
GC181,Rhybox,226,916,7204,587
RM479,Divanoodle,200,1829,2661,606
KR526,Edgepulse,419,8357,6931,164
FE422,Photobug,44,2652,6283,97
UC894,Tagchat,249,501,6112,417
EP352,Linktype,317,1862,1223,626
JY023,Kazio,143,4303,9290,643
PQ865,Shufflebeat,395,3392,1488,265
TA956,Tazzy,48,3068,9854,996
NO206,Ntags,385,8350,9070,11
WX483,Fiveclub,230,978,1652,895
NJ522,JumpXS,350,3728,8062,706
QU400,Twinder,452,3623,3869,549
ZQ852,Pixonyx,51,6163,2674,54
AK528,Gabspot,49,2637,3376,396
WK881,Quimba,440,9487,5864,668
IZ174,Rhyzio,127,7430,8014,283
BH563,Oloo,244,3857,5870,214
DR365,Ailane,269,7195,3585,268
MH861,Edgewire,255,2957,7316,60
IM020,Gevee,380,3245,4433,676
XB313,Bubblemix,0,5615,3883,683
JI352,Yamia,161,3947,3163,107
GR970,Vitz,438,7784,6501,596
ZX117,Realcube,117,3981,339,220
ML633,Izio,153,6765,114,341
QI980,Buzzshare,177,5399,2978,22
XU988,Jaxbean,230,8505,8664,82
NF749,Voonder,57,2106,2902,727
IX912,Janyx,209,1473,6451,219
UL634,Meembee,433,5954,5684,191
JP352,Youopia,469,1296,2154,24
KF632,Voomm,172,5202,8098,112
KJ991,Skipfire,40,2522,1847,890
QV092,Aibox,497,7837,4610,859
OW272,Oyoba,316,9357,1218,470
GX818,Quire,244,3547,7421,258
VW306,Cogilith,176,596,4363,905
WN895,Babblestorm,117,1922,1759,217
ZL757,Youopia,35,4240,7642,609
OL827,Oyope,302,8000,8391,581
QK076,Mynte,0,3842,1735,928
JR116,Lazz,169,1294,1610,253
OG700,Realcube,103,528,6446,17
OP831,Jatri,337,8513,824,685
YH408,Rhynoodle,432,7994,9823,662
NZ206,Feedfish,239,8768,896,870
ZY755,Jaxspan,204,6547,8323,68
PO655,Trilia,438,4621,8566,403
YF031,Katz,453,7194,5338,76
DE204,Ozu,315,431,5477,882
SC306,Gigaclub,487,8351,6575,233
IE069,Oyoba,255,6361,2689,505
WY723,Geba,197,7490,7587,171
ST702,Buzzdog,463,4853,6420,420
QY857,Linklinks,407,1393,9217,699
XE248,Yata,92,8741,2700,813
KJ544,Topicblab,211,8994,5598,264
KB246,Zoombox,53,9872,9598,298
KM679,Trupe,195,5914,6719,708
IE772,Photobean,163,3873,4130,522
TW347,Wikido,463,3394,7344,139
ZS031,Muxo,290,5291,679,588
GS741,Tazzy,126,9876,665,45
TL738,Leenti,357,1919,5043,410
VC870,Trupe,60,4146,5464,496
DE188,Trudeo,390,1120,7140,787
RY846,Tagopia,72,6072,8340,203
MH360,LiveZ,16,7302,2897,252
QC817,Yata,228,8101,7885,407
QR386,Gigazoom,186,7635,1496,611
WL265,Linklinks,6,2505,1839,663
CG507,Bubblebox,16,3316,6172,455
WZ436,Blogtags,387,9414,5043,522
CQ570,Devshare,344,6534,6149,502
KJ401,Layo,334,2066,7289,254
YD388,Divape,272,1993,917,821
MB514,Zoomdog,230,8918,5814,84
YD780,Zava,383,9574,7368,740
FY713,Jabbercube,94,6919,1220,14
KX500,Buzzdog,249,6150,7017,310
OZ354,Npath,111,8943,1937,488
IU754,Brightbean,310,4594,9176,51
WT080,Zooveo,253,2601,4451,836
OB407,Gigaclub,4,5721,4169,88
GW327,Dablist,352,9771,5854,771
PV039,Mymm,207,5657,1649,496
MU123,Bubbletube,362,3119,8744,796
HJ183,Lazzy,375,2650,3252,85
JY190,Ooba,173,423,8915,97
CY715,Jaxbean,158,5293,187,942
UN763,Rhyzio,172,1882,5085,913
ZE343,Feedfire,221,8052,2738,721
KN042,Lazzy,52,8143,9867,664
NX518,Kwilith,124,542,2447,96
XL160,Lajo,411,3670,5172,364
DV629,Yombu,416,3757,314,508
YC503,Mybuzz,373,953,9376,197
NC517,Thoughtbeat,23,2527,7910,770
JW227,Gigazoom,416,1823,6193,227
CV995,Tazz,222,2408,6598,48
GT439,Realbridge,482,9924,8533,41
HL902,Kwinu,19,5593,7336,247
ME656,Agimba,471,1092,8463,458
QN144,Browsebug,412,4301,8208,864
TV438,Topicware,199,8438,704,90
JF725,Thoughtmix,110,9460,859,607
BL243,Jaxworks,261,1686,6979,89
IZ724,Jabbersphere,153,3225,1323,117
CI869,Dynava,405,7121,5849,132
TF606,Skyba,127,5555,7021,524
WX467,Roomm,242,3611,1171,324
HZ776,Zooxo,65,8788,4079,475
PA153,Dynabox,374,9340,1006,616
NI374,Photospace,243,4847,5313,257
KU722,Eamia,281,3952,2744,141
QH901,Topdrive,320,7494,229,224
SU612,Feedbug,217,3858,7186,170
RT448,Trunyx,214,1551,7761,237
RS087,Myworks,468,2898,8764,329
MY623,Thoughtbeat,474,3786,2320,415
XD026,Youtags,245,7427,7472,670
XL264,Tavu,308,2741,2188,803
HS625,Realfire,328,995,4133,466
YB335,Reallinks,417,8706,7104,968
KE367,Topicshots,37,9407,5218,767
KL478,Skilith,180,4757,7403,437
LP804,Rhynoodle,327,3108,9188,496
UY111,Aivee,473,9256,8662,297
PH736,Reallinks,198,8936,1169,538
ZO414,Babbleblab,482,8812,9225,537
YP591,Skynoodle,29,792,212,648
VL211,Twiyo,64,2311,322,437
YQ010,Yakijo,470,2288,3641,988
WU398,Tagtune,309,3450,2967,110
MF320,Babblestorm,484,3636,9567,105
RA401,Gabspot,478,1588,3567,789
UF711,Jabbertype,406,4932,6329,246
UR103,Eabox,44,6117,1894,725
FR210,Gabcube,140,7379,6010,500
CU991,Voolia,328,9581,719,250
AC167,Yakidoo,58,5441,2763,603
FR871,Brainverse,258,4899,2457,952
LZ570,Gigaclub,193,4567,5407,764
RH759,Devpoint,289,6978,2796,897
WL937,Mynte,62,158,2557,611
UR342,Mynte,432,2407,3252,417
JQ634,Dabshots,44,7245,9129,889
BC392,Meejo,442,5310,8513,48
NC245,Yata,492,1042,3402,967
SA892,Dabtype,214,9828,7646,70
ZB968,Skyba,481,5942,4850,195
DK428,Aimbo,69,3904,1700,515
NE312,Buzzster,440,959,1473,197
OM361,Jabberbean,16,8922,4789,965
VW976,Yoveo,425,7092,6656,805
YN797,Realpoint,352,3417,8654,57
VU828,Twimbo,441,9437,7301,914
ZP493,Kaymbo,362,9889,1025,397
PY365,Minyx,470,9741,6665,105
QT175,Brightdog,200,3369,9158,242
SI561,Meembee,494,6758,5621,366
JG642,Skaboo,119,5338,8246,71
